"Country Name","Country Code","Indicator Name","Indicator Code","1960","1961","1962","1963","1964","1965","1966","1967","1968","1969","1970","1971","1972","1973","1974","1975","1976","1977","1978","1979","1980","1981","1982","1983","1984","1985","1986","1987","1988","1989","1990","1991","1992","1993","1994","1995","1996","1997","1998","1999","2000","2001","2002","2003","2004","2005","2006","2007","2008","2009","2010","2011","2012","2013","2014","2015",
"Aruba","ABW","All education staff compensation, primary (% of total expenditure in primary public institutions)","SE.XPD.MPRM.ZS","","","","","","","","","","","","","","","","","","","","","","","","","","","","","","","","","","","","","","","95.61211","95.8269577026367","61.7831611633301","90.5694885253906","64.8014221191406","","","94.979133605957","","96.6918334960938","94.3023681640625","95.1508865356445","","96.9536819458008","","","","",
"Andorra","AND","All education staff compensation, primary (% of total expenditure in primary public institutions)","SE.XPD.MPRM.ZS","","","","","","","","","","","","","","","","","","","","","","","","","","","","","","","","","","","","","","","","","","","","","","","52.6699714660645","53.9326095581055","54.2162017822266","43.9842414855957","45.4335289001465","45.9142417907715","55.2552108764648","54.7799491882324","","",
"Afghanistan","AFG","All education staff compensation, primary (% of total expenditure in primary public institutions)","SE.XPD.MPRM.ZS","","","","","","","","","","","","","","","","","","","","","","","","","","","","","","","","","","","","","","","","","","","","","","","","","","","","","","","","",
"Angola","AGO","All education staff compensation, primary (% of total expenditure in primary public institutions)","SE.XPD.MPRM.ZS","","","","","","","","","","","","","","","","","","","","","","","","","","","","","","","","","","","","","","","","","","","","","","","59.6223907470703","","","","","","","","","",
"Albania","ALB","All education staff compensation, primary (% of total expenditure in primary public institutions)","SE.XPD.MPRM.ZS","","","","","","","","","","","","","","","","","","","","","","","","","","","","","","","","","","","","","","","","","","","","","","","","","","","","","","","","",
"Arab World","ARB","All education staff compensation, primary (% of total expenditure in primary public institutions)","SE.XPD.MPRM.ZS","","","","","","","","","","","","","","","","","","","","","","","","","","","","","","","","","","","","","","","","","","","","","","","","","","","","","","","","",
"United Arab Emirates","ARE","All education staff compensation, primary (% of total expenditure in primary public institutions)","SE.XPD.MPRM.ZS","","","","","","","","","","","","","","","","","","","","","","","","","","","","","","","","","","","","","","","83.61892","","","","","","","","76.9911727905273","","","84.0040512084961","","82.5224075317383","84.1500625610352","86.2447128295898","","",
"Argentina","ARG","All education staff compensation, primary (% of total expenditure in primary public institutions)","SE.XPD.MPRM.ZS","","","","","","","","","","","","","","","","","","","","","","","","","","","","","","","","","","","","","","","89.57039","","","85.5625228881836","88.6273880004883","88.2546615600586","87.3373718261719","88.4306411743164","88.8407211303711","86.4004287719727","86.1512298583984","86.697639465332","85.3558731079102","86.5305480957031","","","","",
"Armenia","ARM","All education staff compensation, primary (% of total expenditure in primary public institutions)","SE.XPD.MPRM.ZS","","","","","","","","","","","","","","","","","","","","","","","","","","","","","","","","","","","","","","","","","","","","","","","","","","","","","90.4660186767578","","","",
"American Samoa","ASM","All education staff compensation, primary (% of total expenditure in primary public institutions)","SE.XPD.MPRM.ZS","","","","","","","","","","","","","","","","","","","","","","","","","","","","","","","","","","","","","","","","","","","","","","","","","","","","","","","","",
"Antigua and Barbuda","ATG","All education staff compensation, primary (% of total expenditure in primary public institutions)","SE.XPD.MPRM.ZS","","","","","","","","","","","","","","","","","","","","","","","","","","","","","","","","","","","","","","","","","","","93.4801177978516","","","","","","","","","","","","","",
"Australia","AUS","All education staff compensation, primary (% of total expenditure in primary public institutions)","SE.XPD.MPRM.ZS","","","","","","","","","","","","","","","","","","","","","","","","","","","","","","","","","","","","","","","","","75.6974105834961","","","","","74.1998977661133","72.9349365234375","72.5878219604492","71.129997253418","61.4170913696289","56.3944816589355","63.7757415771484","72.4217376708984","","","",
"Austria","AUT","All education staff compensation, primary (% of total expenditure in primary public institutions)","SE.XPD.MPRM.ZS","","","","","","","","","","","","","","","","","","","","","","","","","","","","","","","","","","","","","","","72.18692","71.8436889648438","70.7015609741211","71.674919128418","70.791862487793","75.3139419555664","71.87841796875","71.6166915893555","72.5233917236328","73.7077484130859","73.2199325561523","73.5822677612305","73.2995986938477","72.171760559082","","","","",
"Azerbaijan","AZE","All education staff compensation, primary (% of total expenditure in primary public institutions)","SE.XPD.MPRM.ZS","","","","","","","","","","","","","","","","","","","","","","","","","","","","","","","","","","","","","","","","","","","","","","","","","","","","","","","","",
"Burundi","BDI","All education staff compensation, primary (% of total expenditure in primary public institutions)","SE.XPD.MPRM.ZS","","","","","","","","","","","","","","","","","","","","","","","","","","","","","","","","","","","","","","","","95.518180847168","","97.3964309692383","85.4185333251953","","64.1795501708984","","","","73.0154876708984","69.6530303955078","74.7388916015625","86.0984420776367","","3.7890899181366","","",
"Belgium","BEL","All education staff compensation, primary (% of total expenditure in primary public institutions)","SE.XPD.MPRM.ZS","","","","","","","","","","","","","","","","","","","","","","","","","","","","","","","","","","","","","","","","","","84.072998046875","85.9363708496094","87.69921875","87.383430480957","87.5068435668945","86.5211715698242","85.9927520751953","82.7441711425781","84.0260467529297","85.4028091430664","85.6186065673828","","","","",
"Benin","BEN","All education staff compensation, primary (% of total expenditure in primary public institutions)","SE.XPD.MPRM.ZS","","","","","","","","","","","","","","","","","","","","","","","","","","","","","","","","","","","","","","","64.07549","","","","","","","","","69.2014236450195","79.3942413330078","87.24658203125","79.6481399536133","","62.7045097351074","71.8514633178711","","",
"Burkina Faso","BFA","All education staff compensation, primary (% of total expenditure in primary public institutions)","SE.XPD.MPRM.ZS","","","","","","","","","","","","","","","","","","","","","","","","","","","","","","","","","","","","","","","","","","","","","","","","48.6857490539551","","","90.1675796508789","50.9739608764648","55.8693389892578","50.9404792785645","","",
"Bangladesh","BGD","All education staff compensation, primary (% of total expenditure in primary public institutions)","SE.XPD.MPRM.ZS","","","","","","","","","","","","","","","","","","","","","","","","","","","","","","","","","","","","","","","","","","","","","","","","","58.2975082397461","52.8409385681152","","","","","","",
"Bulgaria","BGR","All education staff compensation, primary (% of total expenditure in primary public institutions)","SE.XPD.MPRM.ZS","","","","","","","","","","","","","","","","","","","","","","","","","","","","","","","","","","","","","","","","","","75.4271469116211","75.2325134277344","71.9420700073242","77.2372665405273","60.1131210327148","59.6522407531738","57.6665115356445","66.9128570556641","60.8817481994629","68.0192031860352","68.4106903076172","","","","",
"Bahrain","BHR","All education staff compensation, primary (% of total expenditure in primary public institutions)","SE.XPD.MPRM.ZS","","","","","","","","","","","","","","","","","","","","","","","","","","","","","","","","","","","","","","","","","","","","","","","","","","","","","","","","",
"Bahamas, The","BHS","All education staff compensation, primary (% of total expenditure in primary public institutions)","SE.XPD.MPRM.ZS","","","","","","","","","","","","","","","","","","","","","","","","","","","","","","","","","","","","","","","","","","","","","","","","","","","","","","","","",
"Bosnia and Herzegovina","BIH","All education staff compensation, primary (% of total expenditure in primary public institutions)","SE.XPD.MPRM.ZS","","","","","","","","","","","","","","","","","","","","","","","","","","","","","","","","","","","","","","","","","","","","","","","","","","","","","","","","",
"Belarus","BLR","All education staff compensation, primary (% of total expenditure in primary public institutions)","SE.XPD.MPRM.ZS","","","","","","","","","","","","","","","","","","","","","","","","","","","","","","","","","","","","","","","","","","","","","70.3447113037109","72.494270324707","73.4852066040039","","","","","","","","","",
"Belize","BLZ","All education staff compensation, primary (% of total expenditure in primary public institutions)","SE.XPD.MPRM.ZS","","","","","","","","","","","","","","","","","","","","","","","","","","","","","","","","","","","","","","","","","68.5404205322266","87.0726013183594","","87.0726013183594","","","","","","","","","","","","",
"Bermuda","BMU","All education staff compensation, primary (% of total expenditure in primary public institutions)","SE.XPD.MPRM.ZS","","","","","","","","","","","","","","","","","","","","","","","","","","","","","","","","","","","","","","","","","","","","","","","","","","","","","","","","",
"Bolivia","BOL","All education staff compensation, primary (% of total expenditure in primary public institutions)","SE.XPD.MPRM.ZS","","","","","","","","","","","","","","","","","","","","","","","","","","","","","","","","","","","","","","","","","","","","","","","","","17.1535491943359","72.4104232788086","","88.554801940918","82.0218505859375","","","",
"Brazil","BRA","All education staff compensation, primary (% of total expenditure in primary public institutions)","SE.XPD.MPRM.ZS","","","","","","","","","","","","","","","","","","","","","","","","","","","","","","","","","","","","","","","75.03576","70.0729370117188","71.154182434082","71.6442031860352","72.4647369384766","","65.8601989746094","69.1419372558594","67.9788284301758","66.7995071411133","67.1320724487305","69.2509765625","64.8400497436523","67.8898086547852","","","","",
"Barbados","BRB","All education staff compensation, primary (% of total expenditure in primary public institutions)","SE.XPD.MPRM.ZS","","","","","","","","","","","","","","","","","","","","","","","","","","","","","","","","","","","","","","","","75.9070892333984","80.7342224121094","77.7979431152344","62.5546417236328","65.0165405273438","66.8191909790039","78.593017578125","","77.1904373168945","","","","","","","","",
"Brunei Darussalam","BRN","All education staff compensation, primary (% of total expenditure in primary public institutions)","SE.XPD.MPRM.ZS","","","","","","","","","","","","","","","","","","","","","","","","","","","","","","","","","","","","","","","","","","","","","","","","","","","","","","","","",
"Bhutan","BTN","All education staff compensation, primary (% of total expenditure in primary public institutions)","SE.XPD.MPRM.ZS","","","","","","","","","","","","","","","","","","","","","","","","","","","","","","","","","","","","","","","","","","","","","","","","","","","","","","27.2772808074951","","",
"Botswana","BWA","All education staff compensation, primary (% of total expenditure in primary public institutions)","SE.XPD.MPRM.ZS","","","","","","","","","","","","","","","","","","","","","","","","","","","","","","","","","","","","","","","","","","","","","","","","","","92.6106033325195","","","","","","",
"Central African Republic","CAF","All education staff compensation, primary (% of total expenditure in primary public institutions)","SE.XPD.MPRM.ZS","","","","","","","","","","","","","","","","","","","","","","","","","","","","","","","","","","","","","","","","","","","","","","92.2208480834961","","96.3100509643555","","","99.2179565429688","","","","","",
"Canada","CAN","All education staff compensation, primary (% of total expenditure in primary public institutions)","SE.XPD.MPRM.ZS","","","","","","","","","","","","","","","","","","","","","","","","","","","","","","","","","","","","","","","","","","","","","","","","","","","","","","","","",
"Central Europe and the Baltics","CEB","All education staff compensation, primary (% of total expenditure in primary public institutions)","SE.XPD.MPRM.ZS","","","","","","","","","","","","","","","","","","","","","","","","","","","","","","","","","","","","","","","","","","","","","","","","","","","","","","","","",
"Switzerland","CHE","All education staff compensation, primary (% of total expenditure in primary public institutions)","SE.XPD.MPRM.ZS","","","","","","","","","","","","","","","","","","","","","","","","","","","","","","","","","","","","","","","73.80871","","","","","","","","","","","73.8120422363281","75.2913436889648","75.2874603271484","74.8759002685547","","","",
"Channel Islands","CHI","All education staff compensation, primary (% of total expenditure in primary public institutions)","SE.XPD.MPRM.ZS","","","","","","","","","","","","","","","","","","","","","","","","","","","","","","","","","","","","","","","","","","","","","","","","","","","","","","","","",
"Chile","CHL","All education staff compensation, primary (% of total expenditure in primary public institutions)","SE.XPD.MPRM.ZS","","","","","","","","","","","","","","","","","","","","","","","","","","","","","","","","","","","","","","","57.06921","55.1031684875488","","","51.3706893920898","62.8241806030273","67.5563507080078","87.2618637084961","86.9166488647461","86.0279083251953","87.7878265380859","86.3540420532227","","","","","","",
"China","CHN","All education staff compensation, primary (% of total expenditure in primary public institutions)","SE.XPD.MPRM.ZS","","","","","","","","","","","","","","","","","","","","","","","","","","","","","","","","","","","","","","","","68.0424499511719","","","","","","","","","","","","","","","","",
"Cote d'Ivoire","CIV","All education staff compensation, primary (% of total expenditure in primary public institutions)","SE.XPD.MPRM.ZS","","","","","","","","","","","","","","","","","","","","","","","","","","","","","","","","","","","","","","","","","","","","","","","","","","","","","95.7522506713867","","","",
"Cameroon","CMR","All education staff compensation, primary (% of total expenditure in primary public institutions)","SE.XPD.MPRM.ZS","","","","","","","","","","","","","","","","","","","","","","","","","","","","","","","","","","","","","","","","","","","","","","","","","72.2361068725586","62.1455612182617","80.2456207275391","85.9078369140625","80.3956680297852","","","",
"Congo, Rep.","COG","All education staff compensation, primary (% of total expenditure in primary public institutions)","SE.XPD.MPRM.ZS","","","","","","","","","","","","","","","","","","","","","","","","","","","","","","","","","","","","","","","","","","","","","","","","","","","20.2177391052246","","","","","",
"Colombia","COL","All education staff compensation, primary (% of total expenditure in primary public institutions)","SE.XPD.MPRM.ZS","","","","","","","","","","","","","","","","","","","","","","","","","","","","","","","","","","","","","","","","","","","","","76.4704437255859","","","80.0655670166016","75.2620620727539","93.1596984863281","89.7009429931641","90.3167037963867","89.3996505737305","83.6774063110352","","",
"Comoros","COM","All education staff compensation, primary (% of total expenditure in primary public institutions)","SE.XPD.MPRM.ZS","","","","","","","","","","","","","","","","","","","","","","","","","","","","","","","","","","","","","","","98.47677","","","","28.8591899871826","","","","","","","","","","","","","",
"Cabo Verde","CPV","All education staff compensation, primary (% of total expenditure in primary public institutions)","SE.XPD.MPRM.ZS","","","","","","","","","","","","","","","","","","","","","","","","","","","","","","","","","","","","","","","","","","","83.6042861938477","","85.5669937133789","86.9977798461914","80.9121704101563","","88.2566833496094","83.2013320922852","","","","96.1619720458984","","",
"Costa Rica","CRI","All education staff compensation, primary (% of total expenditure in primary public institutions)","SE.XPD.MPRM.ZS","","","","","","","","","","","","","","","","","","","","","","","","","","","","","","","","","","","","","","","","","","","","","","","","96.4907379150391","","","","","","81.7908172607422","","",
"Caribbean small states","CSS","All education staff compensation, primary (% of total expenditure in primary public institutions)","SE.XPD.MPRM.ZS","","","","","","","","","","","","","","","","","","","","","","","","","","","","","","","","","","","","","","","","","","","","","","","","","","","","","","","","",
"Cuba","CUB","All education staff compensation, primary (% of total expenditure in primary public institutions)","SE.XPD.MPRM.ZS","","","","","","","","","","","","","","","","","","","","","","","","","","","","","","","","","","","","","","","","","67.6120986938477","61.3900909423828","59.2183303833008","","63.3141212463379","63.0115394592285","74.5694732666016","61.2021293640137","60.3810615539551","76.4595794677734","79.7567367553711","","","","","",
"Curacao","CUW","All education staff compensation, primary (% of total expenditure in primary public institutions)","SE.XPD.MPRM.ZS","","","","","","","","","","","","","","","","","","","","","","","","","","","","","","","","","","","","","","","","","","","","","","","","","","","","","","","","",
"Cayman Islands","CYM","All education staff compensation, primary (% of total expenditure in primary public institutions)","SE.XPD.MPRM.ZS","","","","","","","","","","","","","","","","","","","","","","","","","","","","","","","","","","","","","","","","","","","","","","","98.8713836669922","","","","","","","","","",
"Cyprus","CYP","All education staff compensation, primary (% of total expenditure in primary public institutions)","SE.XPD.MPRM.ZS","","","","","","","","","","","","","","","","","","","","","","","","","","","","","","","","","","","","","","","","","85.8902587890625","81.0645599365234","80.9917373657227","77.3042602539063","79.8948516845703","77.8130035400391","77.2359619140625","77.8774871826172","75.7604827880859","77.8550491333008","77.3159027099609","77.85009765625","","","","",
"Czech Republic","CZE","All education staff compensation, primary (% of total expenditure in primary public institutions)","SE.XPD.MPRM.ZS","","","","","","","","","","","","","","","","","","","","","","","","","","","","","","","","","","","","","","","59.50631","58.5951118469238","58.4601516723633","61.8001518249512","61.5171508789063","63.006950378418","58.3529510498047","59.5783195495605","57.9893684387207","60.6246681213379","59.5077705383301","57.9928894042969","57.4855690002441","56.3063087463379","","","","",
"Germany","DEU","All education staff compensation, primary (% of total expenditure in primary public institutions)","SE.XPD.MPRM.ZS","","","","","","","","","","","","","","","","","","","","","","","","","","","","","","","","","","","","","","","80.22267","","","","","","","","75.653938293457","74.8848266601563","76.5390777587891","76.18798828125","74.5017166137695","74.8727416992188","","","","",
"Djibouti","DJI","All education staff compensation, primary (% of total expenditure in primary public institutions)","SE.XPD.MPRM.ZS","","","","","","","","","","","","","","","","","","","","","","","","","","","","","","","","","","","","","","","","","","","","","","","","","","","","","","63.1472702026367","","",
"Dominica","DMA","All education staff compensation, primary (% of total expenditure in primary public institutions)","SE.XPD.MPRM.ZS","","","","","","","","","","","","","","","","","","","","","","","","","","","","","","","","","","","","","","","","","","","","","","","","","78.1281280517578","92.8280410766602","","77.3604965209961","100","","","",
"Denmark","DNK","All education staff compensation, primary (% of total expenditure in primary public institutions)","SE.XPD.MPRM.ZS","","","","","","","","","","","","","","","","","","","","","","","","","","","","","","","","","","","","","","","76.8334","71.0146408081055","72.5268936157227","70.411018371582","70.7455368041992","71.3097229003906","72.2281799316406","72.2384719848633","73.1227874755859","74.4958114624023","73.4695587158203","72.7666702270508","72.0762176513672","76.1462097167969","","","","",
"Dominican Republic","DOM","All education staff compensation, primary (% of total expenditure in primary public institutions)","SE.XPD.MPRM.ZS","","","","","","","","","","","","","","","","","","","","","","","","","","","","","","","","","","","","","","","","","","76.8510971069336","","","82.628547668457","71.5717468261719","","60.3964385986328","64.0560913085938","70.2493667602539","68.3891372680664","68.6332931518555","","42.7501182556152","","",
"Algeria","DZA","All education staff compensation, primary (% of total expenditure in primary public institutions)","SE.XPD.MPRM.ZS","","","","","","","","","","","","","","","","","","","","","","","","","","","","","","","","","","","","","","","","","","","","","","","","","","","","","","95.5899124145508","","",
"East Asia & Pacific (developing only)","EAP","All education staff compensation, primary (% of total expenditure in primary public institutions)","SE.XPD.MPRM.ZS","","","","","","","","","","","","","","","","","","","","","","","","","","","","","","","","","","","","","","","","","","","","","","","","","","","","","","","","",
"East Asia & Pacific (all income levels)","EAS","All education staff compensation, primary (% of total expenditure in primary public institutions)","SE.XPD.MPRM.ZS","","","","","","","","","","","","","","","","","","","","","","","","","","","","","","","","","","","","","","","","","","","","","","","","","","","","","","","","",
"Europe & Central Asia (developing only)","ECA","All education staff compensation, primary (% of total expenditure in primary public institutions)","SE.XPD.MPRM.ZS","","","","","","","","","","","","","","","","","","","","","","","","","","","","","","","","","","","","","","","","","","","","","","","","","","","","","","","","",
"Europe & Central Asia (all income levels)","ECS","All education staff compensation, primary (% of total expenditure in primary public institutions)","SE.XPD.MPRM.ZS","","","","","","","","","","","","","","","","","","","","","","","","","","","","","","","","","","","","","","","","","","","","","","","","","","","","","","","","",
"Ecuador","ECU","All education staff compensation, primary (% of total expenditure in primary public institutions)","SE.XPD.MPRM.ZS","","","","","","","","","","","","","","","","","","","","","","","","","","","","","","","","","","","","","","","","","","","","","","","","","","","75.6038131713867","46.2240409851074","87.1658020019531","16.2515201568604","","",
"Egypt, Arab Rep.","EGY","All education staff compensation, primary (% of total expenditure in primary public institutions)","SE.XPD.MPRM.ZS","","","","","","","","","","","","","","","","","","","","","","","","","","","","","","","","","","","","","","","","","","","","","","","","","","","","","","","","",
"Euro area","EMU","All education staff compensation, primary (% of total expenditure in primary public institutions)","SE.XPD.MPRM.ZS","","","","","","","","","","","","","","","","","","","","","","","","","","","","","","","","","","","","","","","","","","","","","","","","","","","","","","","","",
"Eritrea","ERI","All education staff compensation, primary (% of total expenditure in primary public institutions)","SE.XPD.MPRM.ZS","","","","","","","","","","","","","","","","","","","","","","","","","","","","","","","","","","","","","","","","","72.5730895996094","81.6708068847656","73.3638076782227","","96.2029190063477","91.0545272827148","","","","","","","","","","",
"Spain","ESP","All education staff compensation, primary (% of total expenditure in primary public institutions)","SE.XPD.MPRM.ZS","","","","","","","","","","","","","","","","","","","","","","","","","","","","","","","","","","","","","","","","84.0198135375977","84.2551422119141","83.8187713623047","82.5404205322266","81.5102615356445","79.8472595214844","77.5753936767578","75.8600387573242","74.3538208007813","74.552619934082","75.2168426513672","74.8936614990234","74.8936614990234","75.7249374389648","","","",
"Estonia","EST","All education staff compensation, primary (% of total expenditure in primary public institutions)","SE.XPD.MPRM.ZS","","","","","","","","","","","","","","","","","","","","","","","","","","","","","","","","","","","","","","","","","","60.4353408813477","58.75","","","","","","","","","","","","","",
"Ethiopia","ETH","All education staff compensation, primary (% of total expenditure in primary public institutions)","SE.XPD.MPRM.ZS","","","","","","","","","","","","","","","","","","","","","","","","","","","","","","","","","","","","","","","","","","","","","","","","","","","","","","","","",
"European Union","EUU","All education staff compensation, primary (% of total expenditure in primary public institutions)","SE.XPD.MPRM.ZS","","","","","","","","","","","","","","","","","","","","","","","","","","","","","","","","","","","","","","","","","","","","","","","","","","","","","","","","",
"Fragile and conflict affected situations","FCS","All education staff compensation, primary (% of total expenditure in primary public institutions)","SE.XPD.MPRM.ZS","","","","","","","","","","","","","","","","","","","","","","","","","","","","","","","","","","","","","","","","","","","","","","","","","","","","","","","","",
"Finland","FIN","All education staff compensation, primary (% of total expenditure in primary public institutions)","SE.XPD.MPRM.ZS","","","","","","","","","","","","","","","","","","","","","","","","","","","","","","","","","","","","","","","","65.0685424804688","64.3609466552734","61.6305313110352","60.3370895385742","59.2967987060547","59.2199783325195","61.4188117980957","61.2178497314453","61.4533386230469","60.2433204650879","61.0067481994629","60.1978988647461","59.6243286132813","60.250358581543","","","",
"Fiji","FJI","All education staff compensation, primary (% of total expenditure in primary public institutions)","SE.XPD.MPRM.ZS","","","","","","","","","","","","","","","","","","","","","","","","","","","","","","","","","","","","","","","","","","","","","","","","","","","","","","","","",
"France","FRA","All education staff compensation, primary (% of total expenditure in primary public institutions)","SE.XPD.MPRM.ZS","","","","","","","","","","","","","","","","","","","","","","","","","","","","","","","","","","","","","","","73.96267","73.7710037231445","73.9530868530273","74.5355606079102","74.4663925170898","71.8775100708008","72.8003234863281","71.2315368652344","71.0391006469727","70.7283172607422","72.0088119506836","71.0218811035156","70.7938919067383","70.8753128051758","71.1550979614258","","","",
"Faeroe Islands","FRO","All education staff compensation, primary (% of total expenditure in primary public institutions)","SE.XPD.MPRM.ZS","","","","","","","","","","","","","","","","","","","","","","","","","","","","","","","","","","","","","","","","","","","","","","","","","","","","","","","","",
"Micronesia, Fed. Sts.","FSM","All education staff compensation, primary (% of total expenditure in primary public institutions)","SE.XPD.MPRM.ZS","","","","","","","","","","","","","","","","","","","","","","","","","","","","","","","","","","","","","","","","","","","","","","","","","","","","","","","","",
"Gabon","GAB","All education staff compensation, primary (% of total expenditure in primary public institutions)","SE.XPD.MPRM.ZS","","","","","","","","","","","","","","","","","","","","","","","","","","","","","","","","","","","","","","","","","","","","","","","","","","","","","","","","",
"United Kingdom","GBR","All education staff compensation, primary (% of total expenditure in primary public institutions)","SE.XPD.MPRM.ZS","","","","","","","","","","","","","","","","","","","","","","","","","","","","","","","","","","","","","","","68.38383","69.2781066894531","71.5499801635742","69.4158935546875","69.9743728637695","69.6176910400391","63.3557815551758","71.2990570068359","61.483470916748","69.9930191040039","69.6092681884766","68.6466369628906","62.5759201049805","78.1023330688477","","","","",
"Georgia","GEO","All education staff compensation, primary (% of total expenditure in primary public institutions)","SE.XPD.MPRM.ZS","","","","","","","","","","","","","","","","","","","","","","","","","","","","","","","","","","","","","","","","","","","","","","","","","","","","","","","","",
"Ghana","GHA","All education staff compensation, primary (% of total expenditure in primary public institutions)","SE.XPD.MPRM.ZS","","","","","","","","","","","","","","","","","","","","","","","","","","","","","","","","","","","","","","","","","","98.1877593994141","","","61.9852600097656","58.2484588623047","56.8107109069824","79.2845764160156","82.9005279541016","84.2347183227539","87.4658737182617","","","","","",
"Guinea","GIN","All education staff compensation, primary (% of total expenditure in primary public institutions)","SE.XPD.MPRM.ZS","","","","","","","","","","","","","","","","","","","","","","","","","","","","","","","","","","","","","","","","","","","","","","","","","38.8394508361816","82.1182174682617","77.8044662475586","87.5921173095703","85.57763671875","69.034797668457","","",
"Gambia, The","GMB","All education staff compensation, primary (% of total expenditure in primary public institutions)","SE.XPD.MPRM.ZS","","","","","","","","","","","","","","","","","","","","","","","","","","","","","","","","","","","","","","","","","","","","","","","","","45.2030715942383","48.6562118530273","40.0646286010742","49.0898284912109","45.0578002929688","","","",
"Guinea-Bissau","GNB","All education staff compensation, primary (% of total expenditure in primary public institutions)","SE.XPD.MPRM.ZS","","","","","","","","","","","","","","","","","","","","","","","","","","","","","","","","","","","","","","","","","","","","","","","","","","","","","","","","",
"Equatorial Guinea","GNQ","All education staff compensation, primary (% of total expenditure in primary public institutions)","SE.XPD.MPRM.ZS","","","","","","","","","","","","","","","","","","","","","","","","","","","","","","","","","","","","","","","","","","","","","","","","","","","","","","","","",
"Greece","GRC","All education staff compensation, primary (% of total expenditure in primary public institutions)","SE.XPD.MPRM.ZS","","","","","","","","","","","","","","","","","","","","","","","","","","","","","","","","","","","","","","","","","","","","","","","","","","","","","","","","",
"Grenada","GRD","All education staff compensation, primary (% of total expenditure in primary public institutions)","SE.XPD.MPRM.ZS","","","","","","","","","","","","","","","","","","","","","","","","","","","","","","","","","","","","","","","","","","","","84.4988021850586","","","","","","","","","","","","",
"Greenland","GRL","All education staff compensation, primary (% of total expenditure in primary public institutions)","SE.XPD.MPRM.ZS","","","","","","","","","","","","","","","","","","","","","","","","","","","","","","","","","","","","","","","","","","","","","","","","","","","","","","","","",
"Guatemala","GTM","All education staff compensation, primary (% of total expenditure in primary public institutions)","SE.XPD.MPRM.ZS","","","","","","","","","","","","","","","","","","","","","","","","","","","","","","","","","","","","","","","","","","89.1317977905273","","","100","87.6366882324219","58.4752807617188","71.9395980834961","72.5962600708008","","","","80.8506317138672","90.2171478271484","","",
"Guam","GUM","All education staff compensation, primary (% of total expenditure in primary public institutions)","SE.XPD.MPRM.ZS","","","","","","","","","","","","","","","","","","","","","","","","","","","","","","","","","","","","","","","","","","","","","","","","","","","","","","","","",
"Guyana","GUY","All education staff compensation, primary (% of total expenditure in primary public institutions)","SE.XPD.MPRM.ZS","","","","","","","","","","","","","","","","","","","","","","","","","","","","","","","","","","","","","","","","","","","51.7411613464355","","65.3702163696289","63.8672294616699","58.4706611633301","67.9015426635742","","71.4454498291016","79.8491668701172","65.6103363037109","60.6808815002441","","","",
"High income","HIC","All education staff compensation, primary (% of total expenditure in primary public institutions)","SE.XPD.MPRM.ZS","","","","","","","","","","","","","","","","","","","","","","","","","","","","","","","","","","","","","","","","","","","","","","","","","","","","","","","","",
"Hong Kong SAR, China","HKG","All education staff compensation, primary (% of total expenditure in primary public institutions)","SE.XPD.MPRM.ZS","","","","","","","","","","","","","","","","","","","","","","","","","","","","","","","","","","","","","","","","","","","","","","","","","","","","","","","","",
"Honduras","HND","All education staff compensation, primary (% of total expenditure in primary public institutions)","SE.XPD.MPRM.ZS","","","","","","","","","","","","","","","","","","","","","","","","","","","","","","","","","","","","","","","","","","","","","","","","","","","99.8618698120117","","","81.3335037231445","","",
"Heavily indebted poor countries (HIPC)","HPC","All education staff compensation, primary (% of total expenditure in primary public institutions)","SE.XPD.MPRM.ZS","","","","","","","","","","","","","","","","","","","","","","","","","","","","","","","","","","","","","","","","","","","","","","","","","","","","","","","","",
"Croatia","HRV","All education staff compensation, primary (% of total expenditure in primary public institutions)","SE.XPD.MPRM.ZS","","","","","","","","","","","","","","","","","","","","","","","","","","","","","","","","","","","","","","","","","","","","","","","","","","","","","","","","",
"Haiti","HTI","All education staff compensation, primary (% of total expenditure in primary public institutions)","SE.XPD.MPRM.ZS","","","","","","","","","","","","","","","","","","","","","","","","","","","","","","","","","","","","","","","","","","","","","","","","","","","","","","","","",
"Hungary","HUN","All education staff compensation, primary (% of total expenditure in primary public institutions)","SE.XPD.MPRM.ZS","","","","","","","","","","","","","","","","","","","","","","","","","","","","","","","","","","","","","","","71.66235","72.8293914794922","72.4708023071289","71.8908309936523","73.5155792236328","76.4235000610352","76.3180313110352","77.1413421630859","76.4979782104492","79.0141830444336","76.3074188232422","72.0122985839844","66.8553314208984","68.4956130981445","","","","",
"Indonesia","IDN","All education staff compensation, primary (% of total expenditure in primary public institutions)","SE.XPD.MPRM.ZS","","","","","","","","","","","","","","","","","","","","","","","","","","","","","","","","","","","","","","","","","","","","","","","","61.6017189025879","62.6071014404297","62.2661781311035","62.4090194702148","75.5565872192383","73.2215423583984","","","",
"Isle of Man","IMN","All education staff compensation, primary (% of total expenditure in primary public institutions)","SE.XPD.MPRM.ZS","","","","","","","","","","","","","","","","","","","","","","","","","","","","","","","","","","","","","","","","","","","","","","","","","","","","","","","","",
"India","IND","All education staff compensation, primary (% of total expenditure in primary public institutions)","SE.XPD.MPRM.ZS","","","","","","","","","","","","","","","","","","","","","","","","","","","","","","","","","","","","","","","","86.0208206176758","88.4423980712891","83.5248107910156","","83.5248107910156","83.1307601928711","83.1307601928711","","","","","","","","","","",
"Not classified","INX","All education staff compensation, primary (% of total expenditure in primary public institutions)","SE.XPD.MPRM.ZS","","","","","","","","","","","","","","","","","","","","","","","","","","","","","","","","","","","","","","","","","","","","","","","","","","","","","","","","",
"Ireland","IRL","All education staff compensation, primary (% of total expenditure in primary public institutions)","SE.XPD.MPRM.ZS","","","","","","","","","","","","","","","","","","","","","","","","","","","","","","","","","","","","","","","83.11258","81.6118316650391","76.8755493164063","77.183723449707","80.8369903564453","79.8652877807617","82.0025177001953","79.2865371704102","80.0481414794922","79.3641204833984","77.1538619995117","80.366569519043","79.3229064941406","81.8012084960938","","","","",
"Iran, Islamic Rep.","IRN","All education staff compensation, primary (% of total expenditure in primary public institutions)","SE.XPD.MPRM.ZS","","","","","","","","","","","","","","","","","","","","","","","","","","","","","","","","","","","","","","","","","","","","","","","","","","","","","","","","",
"Iraq","IRQ","All education staff compensation, primary (% of total expenditure in primary public institutions)","SE.XPD.MPRM.ZS","","","","","","","","","","","","","","","","","","","","","","","","","","","","","","","","","","","","","","","","","","","","","","","","","","","","","","","","",
"Iceland","ISL","All education staff compensation, primary (% of total expenditure in primary public institutions)","SE.XPD.MPRM.ZS","","","","","","","","","","","","","","","","","","","","","","","","","","","","","","","","","","","","","","","","","","","","","67.695198059082","69.6371002197266","68.6221389770508","68.0850830078125","68.4872436523438","70.6254501342773","72.1974334716797","69.3477096557617","","","","",
"Israel","ISR","All education staff compensation, primary (% of total expenditure in primary public institutions)","SE.XPD.MPRM.ZS","","","","","","","","","","","","","","","","","","","","","","","","","","","","","","","","","","","","","","","64.33982","67.4994964599609","67.7977523803711","68.6071090698242","65.3148727416992","66.3774566650391","69.3276596069336","68.5293884277344","67.8367080688477","75.324577331543","73.1391830444336","73.5603103637695","75.0455627441406","75.8152236938477","75.382080078125","","","",
"Italy","ITA","All education staff compensation, primary (% of total expenditure in primary public institutions)","SE.XPD.MPRM.ZS","","","","","","","","","","","","","","","","","","","","","","","","","","","","","","","","","","","","","","","80.56695","","76.9116897583008","76.2206802368164","77.5979309082031","77.3966979980469","74.6493530273438","76.4571685791016","79.8211898803711","78.1660079956055","78.9856033325195","76.8552322387695","79.3340835571289","78.5364074707031","80.0143127441406","","","",
"Jamaica","JAM","All education staff compensation, primary (% of total expenditure in primary public institutions)","SE.XPD.MPRM.ZS","","","","","","","","","","","","","","","","","","","","","","","","","","","","","","","","","","","","","","","","","","","","76.1575164794922","82.4737167358398","88.3737716674805","","91.6583099365234","86.5602416992188","89.3037796020508","","89.1354827880859","90.6086807250977","","","",
"Jordan","JOR","All education staff compensation, primary (% of total expenditure in primary public institutions)","SE.XPD.MPRM.ZS","","","","","","","","","","","","","","","","","","","","","","","","","","","","","","","","","","","","","","","91.86985","82.5519485473633","","84.2380905151367","91.1934280395508","84.2363891601563","90.2462615966797","91.0126419067383","79.9225082397461","80.8289489746094","83.0750732421875","99.964111328125","","93.2438812255859","","","","",
"Japan","JPN","All education staff compensation, primary (% of total expenditure in primary public institutions)","SE.XPD.MPRM.ZS","","","","","","","","","","","","","","","","","","","","","","","","","","","","","","","","","","","","","","","78.86591","78.5175170898438","79.0219879150391","78.4406433105469","78.5135498046875","78.4072494506836","78.8286590576172","79.0052490234375","78.9262084960938","79.0145568847656","79.3543167114258","","74.7866668701172","74.2562484741211","75.6692276000977","74.7013473510742","","",
"Kazakhstan","KAZ","All education staff compensation, primary (% of total expenditure in primary public institutions)","SE.XPD.MPRM.ZS","","","","","","","","","","","","","","","","","","","","","","","","","","","","","","","","","","","","","","","","","","","","","","","","","","","","69.1044921875","","","","",
"Kenya","KEN","All education staff compensation, primary (% of total expenditure in primary public institutions)","SE.XPD.MPRM.ZS","","","","","","","","","","","","","","","","","","","","","","","","","","","","","","","","","","","","","","","","","","","","","","","","","","","","","","","","",
"Kyrgyz Republic","KGZ","All education staff compensation, primary (% of total expenditure in primary public institutions)","SE.XPD.MPRM.ZS","","","","","","","","","","","","","","","","","","","","","","","","","","","","","","","","","","","","","","","","","","","","","","","","","","","","","","","","",
"Cambodia","KHM","All education staff compensation, primary (% of total expenditure in primary public institutions)","SE.XPD.MPRM.ZS","","","","","","","","","","","","","","","","","","","","","","","","","","","","","","","","","","","","","","","","","","","","","","","","","","","","","","","","",
"Kiribati","KIR","All education staff compensation, primary (% of total expenditure in primary public institutions)","SE.XPD.MPRM.ZS","","","","","","","","","","","","","","","","","","","","","","","","","","","","","","","","","","","","","","","","","","","","","","","","","","","","","","","","",
"St. Kitts and Nevis","KNA","All education staff compensation, primary (% of total expenditure in primary public institutions)","SE.XPD.MPRM.ZS","","","","","","","","","","","","","","","","","","","","","","","","","","","","","","","","","","","","","","","41.26235","","","","","","","","","","","","","","","74.6945877075195","","",
"Korea, Rep.","KOR","All education staff compensation, primary (% of total expenditure in primary public institutions)","SE.XPD.MPRM.ZS","","","","","","","","","","","","","","","","","","","","","","","","","","","","","","","","","","","","","","","67.41136","72.816047668457","","","60.4857711791992","58.0483016967773","58.1063003540039","62.5597114562988","65.2893981933594","65.8398971557617","66.7068710327148","59.229621887207","","","60.8502616882324","62.4207992553711","","",
"Kosovo","KSV","All education staff compensation, primary (% of total expenditure in primary public institutions)","SE.XPD.MPRM.ZS","","","","","","","","","","","","","","","","","","","","","","","","","","","","","","","","","","","","","","","","","","","","","","","","","","","","","","","","",
"Kuwait","KWT","All education staff compensation, primary (% of total expenditure in primary public institutions)","SE.XPD.MPRM.ZS","","","","","","","","","","","","","","","","","","","","","","","","","","","","","","","","","","","","","","","","","","","94.0219192504883","","","89.1859130859375","88.3713226318359","","86.5174789428711","","","73.8189315795898","","","","",
"Latin America & Caribbean (developing only)","LAC","All education staff compensation, primary (% of total expenditure in primary public institutions)","SE.XPD.MPRM.ZS","","","","","","","","","","","","","","","","","","","","","","","","","","","","","","","","","","","","","","","","","","","","","","","","","","","","","","","","",
"Lao PDR","LAO","All education staff compensation, primary (% of total expenditure in primary public institutions)","SE.XPD.MPRM.ZS","","","","","","","","","","","","","","","","","","","","","","","","","","","","","","","","","","","","","","","","","","","","","","","","","","","","","","","","",
"Lebanon","LBN","All education staff compensation, primary (% of total expenditure in primary public institutions)","SE.XPD.MPRM.ZS","","","","","","","","","","","","","","","","","","","","","","","","","","","","","","","","","","","","","","","","","","","","","","","","","","","","","","91.751708984375","","",
"Liberia","LBR","All education staff compensation, primary (% of total expenditure in primary public institutions)","SE.XPD.MPRM.ZS","","","","","","","","","","","","","","","","","","","","","","","","","","","","","","","","","","","","","","","","","","","","","","","","","","","","","","37.3471412658691","","",
"Libya","LBY","All education staff compensation, primary (% of total expenditure in primary public institutions)","SE.XPD.MPRM.ZS","","","","","","","","","","","","","","","","","","","","","","","","","","","","","","","","","","","","","","","","","","","","","","","","","","","","","","","","",
"St. Lucia","LCA","All education staff compensation, primary (% of total expenditure in primary public institutions)","SE.XPD.MPRM.ZS","","","","","","","","","","","","","","","","","","","","","","","","","","","","","","","","","","","","","","","","92.2736663818359","","","","","90.088249206543","","88.0516204833984","","80.7768783569336","","","","","74.0214996337891","","",
"Latin America & Caribbean (all income levels)","LCN","All education staff compensation, primary (% of total expenditure in primary public institutions)","SE.XPD.MPRM.ZS","","","","","","","","","","","","","","","","","","","","","","","","","","","","","","","","","","","","","","","","","","","","","","","","","","","","","","","","",
"Least developed countries: UN classification","LDC","All education staff compensation, primary (% of total expenditure in primary public institutions)","SE.XPD.MPRM.ZS","","","","","","","","","","","","","","","","","","","","","","","","","","","","","","","","","","","","","","","","","","","","","","","","","","","","","","","","",
"Low income","LIC","All education staff compensation, primary (% of total expenditure in primary public institutions)","SE.XPD.MPRM.ZS","","","","","","","","","","","","","","","","","","","","","","","","","","","","","","","","","","","","","","","","","","","","","","","","","","","","","","","","",
"Liechtenstein","LIE","All education staff compensation, primary (% of total expenditure in primary public institutions)","SE.XPD.MPRM.ZS","","","","","","","","","","","","","","","","","","","","","","","","","","","","","","","","","","","","","","","","","","","","","","","","84.7709426879883","82.5496978759766","","60.1500015258789","73.7647323608398","","","","",
"Sri Lanka","LKA","All education staff compensation, primary (% of total expenditure in primary public institutions)","SE.XPD.MPRM.ZS","","","","","","","","","","","","","","","","","","","","","","","","","","","","","","","","","","","","","","","","","","","","","","","","","","79.1720733642578","82.8847198486328","83.6835784912109","80.0034103393555","78.5463485717773","","",
"Lower middle income","LMC","All education staff compensation, primary (% of total expenditure in primary public institutions)","SE.XPD.MPRM.ZS","","","","","","","","","","","","","","","","","","","","","","","","","","","","","","","","","","","","","","","","","","","","","","","","","","","","","","","","",
"Low & middle income","LMY","All education staff compensation, primary (% of total expenditure in primary public institutions)","SE.XPD.MPRM.ZS","","","","","","","","","","","","","","","","","","","","","","","","","","","","","","","","","","","","","","","","","","","","","","","","","","","","","","","","",
"Lesotho","LSO","All education staff compensation, primary (% of total expenditure in primary public institutions)","SE.XPD.MPRM.ZS","","","","","","","","","","","","","","","","","","","","","","","","","","","","","","","","","","","","","","","","58.5772018432617","","65.9544830322266","","","","","","","70.0022125244141","","","","","","","",
"Lithuania","LTU","All education staff compensation, primary (% of total expenditure in primary public institutions)","SE.XPD.MPRM.ZS","","","","","","","","","","","","","","","","","","","","","","","","","","","","","","","","","","","","","","","","","","","","76.5465698242188","78.79052734375","74.0889663696289","69.862060546875","68.9381332397461","71.8883972167969","83.2881469726563","81.0773468017578","80.6551971435547","","","","",
"Luxembourg","LUX","All education staff compensation, primary (% of total expenditure in primary public institutions)","SE.XPD.MPRM.ZS","","","","","","","","","","","","","","","","","","","","","","","","","","","","","","","","","","","","","","","","","","","","","","","","","77.1271209716797","71.4378433227539","71.8919906616211","70.4803924560547","","","","",
"Latvia","LVA","All education staff compensation, primary (% of total expenditure in primary public institutions)","SE.XPD.MPRM.ZS","","","","","","","","","","","","","","","","","","","","","","","","","","","","","","","","","","","","","","","","90.8510589599609","89.2249526977539","74.4000015258789","51.6128997802734","70.3203964233398","70.3947372436523","","66.0926513671875","65.3728637695313","65.0462417602539","69.9892272949219","67.0333023071289","66.0744476318359","","","","",
"Macao SAR, China","MAC","All education staff compensation, primary (% of total expenditure in primary public institutions)","SE.XPD.MPRM.ZS","","","","","","","","","","","","","","","","","","","","","","","","","","","","","","","","","","","","","","","","","87.8342208862305","","85.0974426269531","","","","","","","","","","","","","",
"St. Martin (French part)","MAF","All education staff compensation, primary (% of total expenditure in primary public institutions)","SE.XPD.MPRM.ZS","","","","","","","","","","","","","","","","","","","","","","","","","","","","","","","","","","","","","","","","","","","","","","","","","","","","","","","","",
"Morocco","MAR","All education staff compensation, primary (% of total expenditure in primary public institutions)","SE.XPD.MPRM.ZS","","","","","","","","","","","","","","","","","","","","","","","","","","","","","","","","","","","","","","","87.51655","86.0653533935547","","88.3403396606445","91.3459396362305","","90.2841415405273","89.6402130126953","","","90.8427810668945","73.7977981567383","","","","","","",
"Monaco","MCO","All education staff compensation, primary (% of total expenditure in primary public institutions)","SE.XPD.MPRM.ZS","","","","","","","","","","","","","","","","","","","","","","","","","","","","","","","","","","","","","","","96.1034","92.6540374755859","94.9081726074219","","","","92.5942535400391","","","","","89.3107299804688","89.4258728027344","90.1499099731445","93.6050567626953","90.1823120117188","","",
"Moldova","MDA","All education staff compensation, primary (% of total expenditure in primary public institutions)","SE.XPD.MPRM.ZS","","","","","","","","","","","","","","","","","","","","","","","","","","","","","","","","","","","","","","","","","","","","","","","","","56.624828338623","65.2176208496094","63.4476890563965","64.5886917114258","65.138427734375","63.5644187927246","","",
"Madagascar","MDG","All education staff compensation, primary (% of total expenditure in primary public institutions)","SE.XPD.MPRM.ZS","","","","","","","","","","","","","","","","","","","","","","","","","","","","","","","","","","","","","","","","","","","","","","38.6587181091309","39.4361610412598","38.7243003845215","62.015998840332","","","65.0735626220703","","73.2539901733398","","",
"Maldives","MDV","All education staff compensation, primary (% of total expenditure in primary public institutions)","SE.XPD.MPRM.ZS","","","","","","","","","","","","","","","","","","","","","","","","","","","","","","","","","","","","","","","","","","","","","","","","","","","","","","","","",
"Middle East & North Africa (all income levels)","MEA","All education staff compensation, primary (% of total expenditure in primary public institutions)","SE.XPD.MPRM.ZS","","","","","","","","","","","","","","","","","","","","","","","","","","","","","","","","","","","","","","","","","","","","","","","","","","","","","","","","",
"Mexico","MEX","All education staff compensation, primary (% of total expenditure in primary public institutions)","SE.XPD.MPRM.ZS","","","","","","","","","","","","","","","","","","","","","","","","","","","","","","","","","","","","","","","","","","93.0903930664063","93.661750793457","93.6847763061523","93.5951385498047","91.369873046875","92.9851226806641","92.1205978393555","92.2403182983398","90.243537902832","93.7310180664063","92.1802520751953","","","","",
"Marshall Islands","MHL","All education staff compensation, primary (% of total expenditure in primary public institutions)","SE.XPD.MPRM.ZS","","","","","","","","","","","","","","","","","","","","","","","","","","","","","","","","","","","","","","","","","","","75.8251266479492","","","","","","","","","","","","","",
"Middle income","MIC","All education staff compensation, primary (% of total expenditure in primary public institutions)","SE.XPD.MPRM.ZS","","","","","","","","","","","","","","","","","","","","","","","","","","","","","","","","","","","","","","","","","","","","","","","","","","","","","","","","",
"Macedonia, FYR","MKD","All education staff compensation, primary (% of total expenditure in primary public institutions)","SE.XPD.MPRM.ZS","","","","","","","","","","","","","","","","","","","","","","","","","","","","","","","","","","","","","","","","","","","","","","","","","","","","","","","","",
"Mali","MLI","All education staff compensation, primary (% of total expenditure in primary public institutions)","SE.XPD.MPRM.ZS","","","","","","","","","","","","","","","","","","","","","","","","","","","","","","","","","","","","","","","","","","","","","","","","","57.6480598449707","63.3468589782715","65.2009811401367","70.3470993041992","84.0414505004883","","","",
"Malta","MLT","All education staff compensation, primary (% of total expenditure in primary public institutions)","SE.XPD.MPRM.ZS","","","","","","","","","","","","","","","","","","","","","","","","","","","","","","","","","","","","","","","72.91718","","","","86.8479385375977","","89.6635513305664","","","82.0058670043945","82.3358917236328","88.8531494140625","84.046516418457","80.6271133422852","88.705192565918","","","",
"Myanmar","MMR","All education staff compensation, primary (% of total expenditure in primary public institutions)","SE.XPD.MPRM.ZS","","","","","","","","","","","","","","","","","","","","","","","","","","","","","","","","","","","","","","","","","","","","","","","","","","","","","","","","",
"Middle East & North Africa (developing only)","MNA","All education staff compensation, primary (% of total expenditure in primary public institutions)","SE.XPD.MPRM.ZS","","","","","","","","","","","","","","","","","","","","","","","","","","","","","","","","","","","","","","","","","","","","","","","","","","","","","","","","",
"Montenegro","MNE","All education staff compensation, primary (% of total expenditure in primary public institutions)","SE.XPD.MPRM.ZS","","","","","","","","","","","","","","","","","","","","","","","","","","","","","","","","","","","","","","","","","","","","","","","","","","","","","","","","",
"Mongolia","MNG","All education staff compensation, primary (% of total expenditure in primary public institutions)","SE.XPD.MPRM.ZS","","","","","","","","","","","","","","","","","","","","","","","","","","","","","","","","","","","","","","","55.74422","60.4630317687988","62.9444808959961","","","","","","","","","","","61.5653991699219","","","","",
"Northern Mariana Islands","MNP","All education staff compensation, primary (% of total expenditure in primary public institutions)","SE.XPD.MPRM.ZS","","","","","","","","","","","","","","","","","","","","","","","","","","","","","","","","","","","","","","","","","","","","","","","","","","","","","","","","",
"Mozambique","MOZ","All education staff compensation, primary (% of total expenditure in primary public institutions)","SE.XPD.MPRM.ZS","","","","","","","","","","","","","","","","","","","","","","","","","","","","","","","","","","","","","","","","","","","","","77.3498306274414","","62.9219017028809","","","","","","58.5482711791992","58.5482711791992","","",
"Mauritania","MRT","All education staff compensation, primary (% of total expenditure in primary public institutions)","SE.XPD.MPRM.ZS","","","","","","","","","","","","","","","","","","","","","","","","","","","","","","","","","","","","","","","","","","","","","","","","","","","","","100","","","",
"Mauritius","MUS","All education staff compensation, primary (% of total expenditure in primary public institutions)","SE.XPD.MPRM.ZS","","","","","","","","","","","","","","","","","","","","","","","","","","","","","","","","","","","","","","","","","","","","","","","","","","","80.555793762207","","","","","",
"Malawi","MWI","All education staff compensation, primary (% of total expenditure in primary public institutions)","SE.XPD.MPRM.ZS","","","","","","","","","","","","","","","","","","","","","","","","","","","","","","","","","","","","","","","","","","","","","","","","","","88.7008514404297","90.5720825195313","86.2529907226563","","","","",
"Malaysia","MYS","All education staff compensation, primary (% of total expenditure in primary public institutions)","SE.XPD.MPRM.ZS","","","","","","","","","","","","","","","","","","","","","","","","","","","","","","","","","","","","","","","78.14395","70.2284698486328","64.6725387573242","52.4589500427246","50.1179885864258","53.7066993713379","64.7416687011719","","","85.1018371582031","","86.6240081787109","","76.0215530395508","","","","",
"North America","NAC","All education staff compensation, primary (% of total expenditure in primary public institutions)","SE.XPD.MPRM.ZS","","","","","","","","","","","","","","","","","","","","","","","","","","","","","","","","","","","","","","","","","","","","","","","","","","","","","","","","",
"Namibia","NAM","All education staff compensation, primary (% of total expenditure in primary public institutions)","SE.XPD.MPRM.ZS","","","","","","","","","","","","","","","","","","","","","","","","","","","","","","","","","","","","","","","","","85.8239135742188","","","","","","","","73.5098724365234","","88.8660430908203","","","","","",
"New Caledonia","NCL","All education staff compensation, primary (% of total expenditure in primary public institutions)","SE.XPD.MPRM.ZS","","","","","","","","","","","","","","","","","","","","","","","","","","","","","","","","","","","","","","","","","","","","","","","","","","","","","","","","",
"Niger","NER","All education staff compensation, primary (% of total expenditure in primary public institutions)","SE.XPD.MPRM.ZS","","","","","","","","","","","","","","","","","","","","","","","","","","","","","","","","","","","","","","","","","","","","","","","","","","70.2641677856445","81.199462890625","86.8575286865234","78.9682922363281","","","",
"Nigeria","NGA","All education staff compensation, primary (% of total expenditure in primary public institutions)","SE.XPD.MPRM.ZS","","","","","","","","","","","","","","","","","","","","","","","","","","","","","","","","","","","","","","","","","","","","","","","","","","","","","","","","",
"Nicaragua","NIC","All education staff compensation, primary (% of total expenditure in primary public institutions)","SE.XPD.MPRM.ZS","","","","","","","","","","","","","","","","","","","","","","","","","","","","","","","","","","","","","","","","","","","72.0613098144531","","90.1237335205078","89.173469543457","81.3915405273438","","","","76.747802734375","","","","","",
"Netherlands","NLD","All education staff compensation, primary (% of total expenditure in primary public institutions)","SE.XPD.MPRM.ZS","","","","","","","","","","","","","","","","","","","","","","","","","","","","","","","","","","","","","","","69.99686","75.2482070922852","75.2629776000977","75.2463989257813","75.0608673095703","75.2222366333008","75.2280197143555","75.2289428710938","75.1898498535156","75.5821533203125","73.6849212646484","73.6927185058594","73.7665786743164","73.5373992919922","72.8931121826172","","","",
"High income: nonOECD","NOC","All education staff compensation, primary (% of total expenditure in primary public institutions)","SE.XPD.MPRM.ZS","","","","","","","","","","","","","","","","","","","","","","","","","","","","","","","","","","","","","","","","","","","","","","","","","","","","","","","","",
"Norway","NOR","All education staff compensation, primary (% of total expenditure in primary public institutions)","SE.XPD.MPRM.ZS","","","","","","","","","","","","","","","","","","","","","","","","","","","","","","","","","","","","","","","","","","","71.0064010620117","69.6064529418945","69.7144622802734","70.2663269042969","69.0740203857422","68.2790298461914","68.173957824707","66.9739837646484","68.9721984863281","71.2776565551758","","","","",
"Nepal","NPL","All education staff compensation, primary (% of total expenditure in primary public institutions)","SE.XPD.MPRM.ZS","","","","","","","","","","","","","","","","","","","","","","","","","","","","","","","","","","","","","","","","","","","","","","","","","","","","","","","","",
"New Zealand","NZL","All education staff compensation, primary (% of total expenditure in primary public institutions)","SE.XPD.MPRM.ZS","","","","","","","","","","","","","","","","","","","","","","","","","","","","","","","","","","","","","","","","","","","","","","","","","","","","","","","","",
"High income: OECD","OEC","All education staff compensation, primary (% of total expenditure in primary public institutions)","SE.XPD.MPRM.ZS","","","","","","","","","","","","","","","","","","","","","","","","","","","","","","","","","","","","","","","","","","","","","","","","","","","","","","","","",
"OECD members","OED","All education staff compensation, primary (% of total expenditure in primary public institutions)","SE.XPD.MPRM.ZS","","","","","","","","","","","","","","","","","","","","","","","","","","","","","","","","","","","","","","","","","","","","","","","","","","","","","","","","",
"Oman","OMN","All education staff compensation, primary (% of total expenditure in primary public institutions)","SE.XPD.MPRM.ZS","","","","","","","","","","","","","","","","","","","","","","","","","","","","","","","","","","","","","","","","87.5717468261719","","82.8065032958984","84.2083511352539","","85.3010864257813","","","90.4132690429688","90.7575302124023","","","82.5102615356445","","","","",
"Other small states","OSS","All education staff compensation, primary (% of total expenditure in primary public institutions)","SE.XPD.MPRM.ZS","","","","","","","","","","","","","","","","","","","","","","","","","","","","","","","","","","","","","","","","","","","","","","","","","","","","","","","","",
"Pakistan","PAK","All education staff compensation, primary (% of total expenditure in primary public institutions)","SE.XPD.MPRM.ZS","","","","","","","","","","","","","","","","","","","","","","","","","","","","","","","","","","","","","","","","","","","","","","","","","","","","","","","","",
"Panama","PAN","All education staff compensation, primary (% of total expenditure in primary public institutions)","SE.XPD.MPRM.ZS","","","","","","","","","","","","","","","","","","","","","","","","","","","","","","","","","","","","","","","","","","79.4333724975586","82.1636199951172","","95.2085494995117","97.2471008300781","","","","","","","","","","",
"Peru","PER","All education staff compensation, primary (% of total expenditure in primary public institutions)","SE.XPD.MPRM.ZS","","","","","","","","","","","","","","","","","","","","","","","","","","","","","","","","","","","","","","","63.72183","77.6975479125977","","85.6112289428711","93.3724517822266","93.6930465698242","91.5372619628906","93.5109481811523","86.403450012207","81.4558486938477","70.5890274047852","65.8437728881836","64.9379730224609","65.5244216918945","61.7867317199707","55.375560760498","","",
"Philippines","PHL","All education staff compensation, primary (% of total expenditure in primary public institutions)","SE.XPD.MPRM.ZS","","","","","","","","","","","","","","","","","","","","","","","","","","","","","","","","","","","","","","","94.91426","","79.553581237793","79.553581237793","89.2834777832031","93.0781021118164","91.2038116455078","91.8756103515625","","83.2812805175781","74.1374664306641","79.3544235229492","","","","","","",
"Palau","PLW","All education staff compensation, primary (% of total expenditure in primary public institutions)","SE.XPD.MPRM.ZS","","","","","","","","","","","","","","","","","","","","","","","","","","","","","","","","","","","","","","","","","","","","","","","","","","","","","","","","",
"Papua New Guinea","PNG","All education staff compensation, primary (% of total expenditure in primary public institutions)","SE.XPD.MPRM.ZS","","","","","","","","","","","","","","","","","","","","","","","","","","","","","","","","","","","","","","","","","","","","","","","","","","","","","","","","",
"Poland","POL","All education staff compensation, primary (% of total expenditure in primary public institutions)","SE.XPD.MPRM.ZS","","","","","","","","","","","","","","","","","","","","","","","","","","","","","","","","","","","","","","","68.84074","68.3351821899414","","","67.9130935668945","70.3254318237305","69.3370208740234","68.2455062866211","88.8923797607422","66.553596496582","63.574878692627","64.6670913696289","64.3117218017578","67.6718368530273","","","","",
"Puerto Rico","PRI","All education staff compensation, primary (% of total expenditure in primary public institutions)","SE.XPD.MPRM.ZS","","","","","","","","","","","","","","","","","","","","","","","","","","","","","","","","","","","","","","","","","","","","","","","","","","","","","","","","",
"Korea, Dem. Rep.","PRK","All education staff compensation, primary (% of total expenditure in primary public institutions)","SE.XPD.MPRM.ZS","","","","","","","","","","","","","","","","","","","","","","","","","","","","","","","","","","","","","","","","","","","","","","","","","","","","","","","","",
"Portugal","PRT","All education staff compensation, primary (% of total expenditure in primary public institutions)","SE.XPD.MPRM.ZS","","","","","","","","","","","","","","","","","","","","","","","","","","","","","","","","","","","","","","","93.62501","93.9926986694336","94.9455718994141","94.5632629394531","96.732307434082","95.5053024291992","95.5177993774414","95.5961608886719","94.9334030151367","91.5876693725586","93.8688201904297","92.8168029785156","93.0268173217773","92.5907287597656","","","","",
"Paraguay","PRY","All education staff compensation, primary (% of total expenditure in primary public institutions)","SE.XPD.MPRM.ZS","","","","","","","","","","","","","","","","","","","","","","","","","","","","","","","","","","","","","","","","","","","81.1432800292969","81.1432800292969","88.6521072387695","","","82.7887573242188","","","79.3669891357422","78.2381591796875","73.8368301391602","","","",
"Pacific island small states","PSS","All education staff compensation, primary (% of total expenditure in primary public institutions)","SE.XPD.MPRM.ZS","","","","","","","","","","","","","","","","","","","","","","","","","","","","","","","","","","","","","","","","","","","","","","","","","","","","","","","","",
"French Polynesia","PYF","All education staff compensation, primary (% of total expenditure in primary public institutions)","SE.XPD.MPRM.ZS","","","","","","","","","","","","","","","","","","","","","","","","","","","","","","","","","","","","","","","","","","","","","","","","","","","","","","","","",
"Qatar","QAT","All education staff compensation, primary (% of total expenditure in primary public institutions)","SE.XPD.MPRM.ZS","","","","","","","","","","","","","","","","","","","","","","","","","","","","","","","","","","","","","","","","","","","","","","","","","","","","","","","","",
"Romania","ROU","All education staff compensation, primary (% of total expenditure in primary public institutions)","SE.XPD.MPRM.ZS","","","","","","","","","","","","","","","","","","","","","","","","","","","","","","","","","","","","","","","81.66627","","","79.858512878418","78.7768936157227","76.497688293457","74.6900787353516","75.4288101196289","","63.0270690917969","","82.7010726928711","77.7276229858398","72.1628036499023","71.7816467285156","","","",
"Russian Federation","RUS","All education staff compensation, primary (% of total expenditure in primary public institutions)","SE.XPD.MPRM.ZS","","","","","","","","","","","","","","","","","","","","","","","","","","","","","","","","","","","","","","","","","","","","","","","","","","","","","","","","",
"Rwanda","RWA","All education staff compensation, primary (% of total expenditure in primary public institutions)","SE.XPD.MPRM.ZS","","","","","","","","","","","","","","","","","","","","","","","","","","","","","","","","","","","","","","","","","","","","","","","","","","","56.3851203918457","60.6356887817383","","","","",
"South Asia","SAS","All education staff compensation, primary (% of total expenditure in primary public institutions)","SE.XPD.MPRM.ZS","","","","","","","","","","","","","","","","","","","","","","","","","","","","","","","","","","","","","","","","","","","","","","","","","","","","","","","","",
"Saudi Arabia","SAU","All education staff compensation, primary (% of total expenditure in primary public institutions)","SE.XPD.MPRM.ZS","","","","","","","","","","","","","","","","","","","","","","","","","","","","","","","","","","","","","","","","","","","","","","","","","","","","","","","","",
"Sudan","SDN","All education staff compensation, primary (% of total expenditure in primary public institutions)","SE.XPD.MPRM.ZS","","","","","","","","","","","","","","","","","","","","","","","","","","","","","","","","","","","","","","","","","","","","","","","","","","","","","","","","",
"Senegal","SEN","All education staff compensation, primary (% of total expenditure in primary public institutions)","SE.XPD.MPRM.ZS","","","","","","","","","","","","","","","","","","","","","","","","","","","","","","","","","","","","","","","","","","","","","","","","","","","","","","","","",
"Singapore","SGP","All education staff compensation, primary (% of total expenditure in primary public institutions)","SE.XPD.MPRM.ZS","","","","","","","","","","","","","","","","","","","","","","","","","","","","","","","","","","","","","","","","","","","","","","","","","","","","","","","","",
"Solomon Islands","SLB","All education staff compensation, primary (% of total expenditure in primary public institutions)","SE.XPD.MPRM.ZS","","","","","","","","","","","","","","","","","","","","","","","","","","","","","","","","","","","","","","","","","","","","","","","","","","","","","","","","",
"Sierra Leone","SLE","All education staff compensation, primary (% of total expenditure in primary public institutions)","SE.XPD.MPRM.ZS","","","","","","","","","","","","","","","","","","","","","","","","","","","","","","","","","","","","","","","","","","","","","","","","87.2582702636719","90.1689987182617","81.602912902832","83.8115768432617","90.4008102416992","","","","",
"El Salvador","SLV","All education staff compensation, primary (% of total expenditure in primary public institutions)","SE.XPD.MPRM.ZS","","","","","","","","","","","","","","","","","","","","","","","","","","","","","","","","","","","","","","","","","","","65.5484085083008","64.8520431518555","","","62.9885292053223","63.7988014221191","63.7034111022949","","","","","","","",
"San Marino","SMR","All education staff compensation, primary (% of total expenditure in primary public institutions)","SE.XPD.MPRM.ZS","","","","","","","","","","","","","","","","","","","","","","","","","","","","","","","","","","","","","","","","","","","","","","","","","","","93.424560546875","92.8883972167969","","","","",
"Somalia","SOM","All education staff compensation, primary (% of total expenditure in primary public institutions)","SE.XPD.MPRM.ZS","","","","","","","","","","","","","","","","","","","","","","","","","","","","","","","","","","","","","","","","","","","","","","","","","","","","","","","","",
"Serbia","SRB","All education staff compensation, primary (% of total expenditure in primary public institutions)","SE.XPD.MPRM.ZS","","","","","","","","","","","","","","","","","","","","","","","","","","","","","","","","","","","","","","","","","","","","","","","","76.6121520996094","78.1763076782227","80.7626724243164","80.6864166259766","80.3934326171875","","","","",
"Sub-Saharan Africa (developing only)","SSA","All education staff compensation, primary (% of total expenditure in primary public institutions)","SE.XPD.MPRM.ZS","","","","","","","","","","","","","","","","","","","","","","","","","","","","","","","","","","","","","","","","","","","","","","","","","","","","","","","","",
"South Sudan","SSD","All education staff compensation, primary (% of total expenditure in primary public institutions)","SE.XPD.MPRM.ZS","","","","","","","","","","","","","","","","","","","","","","","","","","","","","","","","","","","","","","","","","","","","","","","","","","","","","","","","",
"Sub-Saharan Africa (all income levels)","SSF","All education staff compensation, primary (% of total expenditure in primary public institutions)","SE.XPD.MPRM.ZS","","","","","","","","","","","","","","","","","","","","","","","","","","","","","","","","","","","","","","","","","","","","","","","","","","","","","","","","",
"Small states","SST","All education staff compensation, primary (% of total expenditure in primary public institutions)","SE.XPD.MPRM.ZS","","","","","","","","","","","","","","","","","","","","","","","","","","","","","","","","","","","","","","","","","","","","","","","","","","","","","","","","",
"Sao Tome and Principe","STP","All education staff compensation, primary (% of total expenditure in primary public institutions)","SE.XPD.MPRM.ZS","","","","","","","","","","","","","","","","","","","","","","","","","","","","","","","","","","","","","","","","","","","","","","","","","","","","","","","","",
"Suriname","SUR","All education staff compensation, primary (% of total expenditure in primary public institutions)","SE.XPD.MPRM.ZS","","","","","","","","","","","","","","","","","","","","","","","","","","","","","","","","","","","","","","","","","","","","","","","","","","","","","","","","",
"Slovak Republic","SVK","All education staff compensation, primary (% of total expenditure in primary public institutions)","SE.XPD.MPRM.ZS","","","","","","","","","","","","","","","","","","","","","","","","","","","","","","","","","","","","","","","","73.6570663452148","67.4516220092773","72.0416793823242","71.816650390625","63.6484184265137","64.4606323242188","62.9131393432617","62.5476989746094","67.3796615600586","63.4827995300293","59.3229484558105","55.5657386779785","60.6838684082031","61.6483383178711","","","",
"Slovenia","SVN","All education staff compensation, primary (% of total expenditure in primary public institutions)","SE.XPD.MPRM.ZS","","","","","","","","","","","","","","","","","","","","","","","","","","","","","","","","","","","","","","","","","","","","70.1032104492188","72.2953720092773","","","","","","75.0415420532227","75.1186370849609","","","","",
"Sweden","SWE","All education staff compensation, primary (% of total expenditure in primary public institutions)","SE.XPD.MPRM.ZS","","","","","","","","","","","","","","","","","","","","","","","","","","","","","","","","","","","","","","","59.91571","64.9285430908203","64.5665893554688","69.3171768188477","65.4224472045898","67.4331588745117","68.0748672485352","67.029541015625","66.2303314208984","66.1141510009766","65.8532104492188","65.5379180908203","64.8838577270508","65.0095977783203","","","","",
"Swaziland","SWZ","All education staff compensation, primary (% of total expenditure in primary public institutions)","SE.XPD.MPRM.ZS","","","","","","","","","","","","","","","","","","","","","","","","","","","","","","","","","","","","","","","","","","","","","","","","","","","","","","","","",
"Sint Maarten (Dutch part)","SXM","All education staff compensation, primary (% of total expenditure in primary public institutions)","SE.XPD.MPRM.ZS","","","","","","","","","","","","","","","","","","","","","","","","","","","","","","","","","","","","","","","","","","","","","","","","","","","","","","","","",
"Seychelles","SYC","All education staff compensation, primary (% of total expenditure in primary public institutions)","SE.XPD.MPRM.ZS","","","","","","","","","","","","","","","","","","","","","","","","","","","","","","","","","","","","","","","","","","","71.9532089233398","69.4093475341797","","","74.6110763549805","","","","","92.1158599853516","","","","",
"Syrian Arab Republic","SYR","All education staff compensation, primary (% of total expenditure in primary public institutions)","SE.XPD.MPRM.ZS","","","","","","","","","","","","","","","","","","","","","","","","","","","","","","","","","","","","","","","","82.2394027709961","80.0261001586914","","73.8285980224609","","","","","","","","","","","","","",
"Turks and Caicos Islands","TCA","All education staff compensation, primary (% of total expenditure in primary public institutions)","SE.XPD.MPRM.ZS","","","","","","","","","","","","","","","","","","","","","","","","","","","","","","","","","","","","","","","72.22219","44.4374618530273","49.8679809570313","48.8047714233398","73.0924682617188","","","84.4596099853516","","","","","","","","","","",
"Chad","TCD","All education staff compensation, primary (% of total expenditure in primary public institutions)","SE.XPD.MPRM.ZS","","","","","","","","","","","","","","","","","","","","","","","","","","","","","","","","","","","","","","","","","","","","","","","","","","51.6050491333008","","64.9352035522461","","","","",
"Togo","TGO","All education staff compensation, primary (% of total expenditure in primary public institutions)","SE.XPD.MPRM.ZS","","","","","","","","","","","","","","","","","","","","","","","","","","","","","","","","","","","","","","","66.76167","65.3449478149414","70.6218032836914","","","","","","","96.1298370361328","90.5739593505859","91.5100479125977","77.8458099365234","81.8655471801758","73.6691513061523","88.4385681152344","","",
"Thailand","THA","All education staff compensation, primary (% of total expenditure in primary public institutions)","SE.XPD.MPRM.ZS","","","","","","","","","","","","","","","","","","","","","","","","","","","","","","","","","","","","","","","","","","","","","","","","","","","82.1978378295898","68.2641067504883","88.6284103393555","","","",
"Tajikistan","TJK","All education staff compensation, primary (% of total expenditure in primary public institutions)","SE.XPD.MPRM.ZS","","","","","","","","","","","","","","","","","","","","","","","","","","","","","","","","","","","","","","","","","","","","","","","","","","","","","","","","",
"Turkmenistan","TKM","All education staff compensation, primary (% of total expenditure in primary public institutions)","SE.XPD.MPRM.ZS","","","","","","","","","","","","","","","","","","","","","","","","","","","","","","","","","","","","","","","","","","","","","","","","","","","","","","","","",
"Timor-Leste","TLS","All education staff compensation, primary (% of total expenditure in primary public institutions)","SE.XPD.MPRM.ZS","","","","","","","","","","","","","","","","","","","","","","","","","","","","","","","","","","","","","","","","","","","","","","","","53.3293991088867","","","","","","","","",
"Tonga","TON","All education staff compensation, primary (% of total expenditure in primary public institutions)","SE.XPD.MPRM.ZS","","","","","","","","","","","","","","","","","","","","","","","","","","","","","","","","","","","","","","","","","","","","","","","","","","","","","","","","",
"Trinidad and Tobago","TTO","All education staff compensation, primary (% of total expenditure in primary public institutions)","SE.XPD.MPRM.ZS","","","","","","","","","","","","","","","","","","","","","","","","","","","","","","","","","","","","","","","","","","","","","","","","","","","","","","","","",
"Tunisia","TUN","All education staff compensation, primary (% of total expenditure in primary public institutions)","SE.XPD.MPRM.ZS","","","","","","","","","","","","","","","","","","","","","","","","","","","","","","","","","","","","","","","","96.4346313476563","96.0748977661133","","","","","","","","","","","","93.31787109375","","","",
"Turkey","TUR","All education staff compensation, primary (% of total expenditure in primary public institutions)","SE.XPD.MPRM.ZS","","","","","","","","","","","","","","","","","","","","","","","","","","","","","","","","","","","","","","","","","","","","","","","","","","","86.2904205322266","85.9851913452148","","","","",
"Tuvalu","TUV","All education staff compensation, primary (% of total expenditure in primary public institutions)","SE.XPD.MPRM.ZS","","","","","","","","","","","","","","","","","","","","","","","","","","","","","","","","","","","","","","","","","","","","","","","","","","","","","","","","",
"Tanzania","TZA","All education staff compensation, primary (% of total expenditure in primary public institutions)","SE.XPD.MPRM.ZS","","","","","","","","","","","","","","","","","","","","","","","","","","","","","","","","","","","","","","","","","","","","","","","","","","","","","","","","",
"Uganda","UGA","All education staff compensation, primary (% of total expenditure in primary public institutions)","SE.XPD.MPRM.ZS","","","","","","","","","","","","","","","","","","","","","","","","","","","","","","","","","","","","","","","","","","","","","64.8123931884766","","","","","77.5832977294922","76.1962509155273","76.4325637817383","76.4311828613281","81.1962280273438","","",
"Ukraine","UKR","All education staff compensation, primary (% of total expenditure in primary public institutions)","SE.XPD.MPRM.ZS","","","","","","","","","","","","","","","","","","","","","","","","","","","","","","","","","","","","","","","","","","","","","","","","","","","","","","","","",
"Upper middle income","UMC","All education staff compensation, primary (% of total expenditure in primary public institutions)","SE.XPD.MPRM.ZS","","","","","","","","","","","","","","","","","","","","","","","","","","","","","","","","","","","","","","","","","","","","","","","","","","","","","","","","",
"Uruguay","URY","All education staff compensation, primary (% of total expenditure in primary public institutions)","SE.XPD.MPRM.ZS","","","","","","","","","","","","","","","","","","","","","","","","","","","","","","","","","","","","","","","","76.2856292724609","78.3861465454102","","55.3030204772949","55.3053016662598","58.0114288330078","75.5275421142578","77.3344421386719","","","","","80.1700134277344","","","","",
"United States","USA","All education staff compensation, primary (% of total expenditure in primary public institutions)","SE.XPD.MPRM.ZS","","","","","","","","","","","","","","","","","","","","","","","","","","","","","","","","","","","","","","","73.46733","72.5372314453125","71.7558670043945","71.4026489257813","71.4312591552734","72.0509262084961","72.0060577392578","71.7939071655273","71.2465515136719","71.0880813598633","71.6881484985352","72.165901184082","73.6161727905273","74.1187515258789","74.2036514282227","","","",
"Uzbekistan","UZB","All education staff compensation, primary (% of total expenditure in primary public institutions)","SE.XPD.MPRM.ZS","","","","","","","","","","","","","","","","","","","","","","","","","","","","","","","","","","","","","","","","","","","","","","","","","","","","","","","","",
"St. Vincent and the Grenadines","VCT","All education staff compensation, primary (% of total expenditure in primary public institutions)","SE.XPD.MPRM.ZS","","","","","","","","","","","","","","","","","","","","","","","","","","","","","","","","","","","","","","","","","67.3804702758789","","87.969841003418","","64.6633911132813","76.8969116210938","","100","","100","89.7072830200195","98.7085418701172","","","","",
"Venezuela, RB","VEN","All education staff compensation, primary (% of total expenditure in primary public institutions)","SE.XPD.MPRM.ZS","","","","","","","","","","","","","","","","","","","","","","","","","","","","","","","","","","","","","","","","","","","","","","","","","","80.5193786621094","","","","","","",
"Virgin Islands (U.S.)","VIR","All education staff compensation, primary (% of total expenditure in primary public institutions)","SE.XPD.MPRM.ZS","","","","","","","","","","","","","","","","","","","","","","","","","","","","","","","","","","","","","","","","","","","","","","","","","","","","","","","","",
"Vietnam","VNM","All education staff compensation, primary (% of total expenditure in primary public institutions)","SE.XPD.MPRM.ZS","","","","","","","","","","","","","","","","","","","","","","","","","","","","","","","","","","","","","","","","","","","","","","","","","","","67.7689666748047","66.1200180053711","","","","",
"Vanuatu","VUT","All education staff compensation, primary (% of total expenditure in primary public institutions)","SE.XPD.MPRM.ZS","","","","","","","","","","","","","","","","","","","","","","","","","","","","","","","","","","","","","","","95.32974","87.1073226928711","88.8726501464844","90.9615097045898","","","","","","","89.4501190185547","89.0117492675781","","","","","","",
"West Bank and Gaza","PSE","All education staff compensation, primary (% of total expenditure in primary public institutions)","SE.XPD.MPRM.ZS","","","","","","","","","","","","","","","","","","","","","","","","","","","","","","","","","","","","","","","","","","","","","","","","","","","","","","","","",
"World","WLD","All education staff compensation, primary (% of total expenditure in primary public institutions)","SE.XPD.MPRM.ZS","","","","","","","","","","","","","","","","","","","","","","","","","","","","","","","","","","","","","","","","","","","","","","","","","","","","","","","","",
"Samoa","WSM","All education staff compensation, primary (% of total expenditure in primary public institutions)","SE.XPD.MPRM.ZS","","","","","","","","","","","","","","","","","","","","","","","","","","","","","","","","","","","","","","","","","","","","","","","","","","","","","","","","",
"Yemen, Rep.","YEM","All education staff compensation, primary (% of total expenditure in primary public institutions)","SE.XPD.MPRM.ZS","","","","","","","","","","","","","","","","","","","","","","","","","","","","","","","","","","","","","","","","","","","","","","","","","","","","","","84.4181976318359","","",
"South Africa","ZAF","All education staff compensation, primary (% of total expenditure in primary public institutions)","SE.XPD.MPRM.ZS","","","","","","","","","","","","","","","","","","","","","","","","","","","","","","","","","","","","","","","","","","92.3366165161133","","97.6312103271484","87.0748062133789","83.2654418945313","78.3343124389648","81.7855377197266","81.1411895751953","79.0250930786133","78.2684631347656","79.2146377563477","76.5900573730469","77.1590881347656","","",
"Congo, Dem. Rep.","COD","All education staff compensation, primary (% of total expenditure in primary public institutions)","SE.XPD.MPRM.ZS","","","","","","","","","","","","","","","","","","","","","","","","","","","","","","","","","","","","","","","","","","","","","","","","","","","97.5764465332031","","","","","",
"Zambia","ZMB","All education staff compensation, primary (% of total expenditure in primary public institutions)","SE.XPD.MPRM.ZS","","","","","","","","","","","","","","","","","","","","","","","","","","","","","","","","","","","","","","","","","91.9018936157227","","","","93.7272491455078","","","","","","","","","","","",
"Zimbabwe","ZWE","All education staff compensation, primary (% of total expenditure in primary public institutions)","SE.XPD.MPRM.ZS","","","","","","","","","","","","","","","","","","","","","","","","","","","","","","","","","","","","","","","","","","","","","","","","","","","","","","","","",
